{
  "0": {
    "precision": 0.5341278439869989,
    "recall": 0.986,
    "f1-score": 0.6929023190442727,
    "support": 500.0
  },
  "1": {
    "precision": 0.9090909090909091,
    "recall": 0.14,
    "f1-score": 0.24263431542461006,
    "support": 500.0
  },
  "accuracy": 0.563,
  "macro avg": {
    "precision": 0.721609376538954,
    "recall": 0.563,
    "f1-score": 0.46776831723444134,
    "support": 1000.0
  },
  "weighted avg": {
    "precision": 0.721609376538954,
    "recall": 0.563,
    "f1-score": 0.4677683172344414,
    "support": 1000.0
  }
}