{
  "0": {
    "precision": 0.7713815789473685,
    "recall": 0.938,
    "f1-score": 0.8465703971119134,
    "support": 500.0
  },
  "1": {
    "precision": 0.9209183673469388,
    "recall": 0.722,
    "f1-score": 0.8094170403587444,
    "support": 500.0
  },
  "accuracy": 0.83,
  "macro avg": {
    "precision": 0.8461499731471536,
    "recall": 0.83,
    "f1-score": 0.8279937187353289,
    "support": 1000.0
  },
  "weighted avg": {
    "precision": 0.8461499731471536,
    "recall": 0.83,
    "f1-score": 0.8279937187353289,
    "support": 1000.0
  }
}