{
  "0": {
    "precision": 0.5551330798479087,
    "recall": 0.876,
    "f1-score": 0.6795965865011637,
    "support": 500.0
  },
  "1": {
    "precision": 0.7061611374407583,
    "recall": 0.298,
    "f1-score": 0.4191279887482419,
    "support": 500.0
  },
  "accuracy": 0.587,
  "macro avg": {
    "precision": 0.6306471086443335,
    "recall": 0.587,
    "f1-score": 0.5493622876247028,
    "support": 1000.0
  },
  "weighted avg": {
    "precision": 0.6306471086443335,
    "recall": 0.587,
    "f1-score": 0.5493622876247028,
    "support": 1000.0
  }
}